{
  "img6_.tif": {
    "std": 5.7602674844223927,
    "variance": 33.180681492093875,
    "median": 11.0,
    "threshold": 16,
    "mean": 12.381936990124517
  },
  "img3_.tif": {
    "std": 13.313079413743136,
    "variance": 177.23808347663129,
    "median": 19.666666666666668,
    "threshold": 26,
    "mean": 24.901895133053223
  },
  "img1_.tif": {
    "std": 8.2542085829830185,
    "variance": 68.131959331390533,
    "median": 15.666666666666666,
    "threshold": 19,
    "mean": 18.231223139075126
  },
  "img4_.tif": {
    "std": 8.0581667243275152,
    "variance": 64.934050957059227,
    "median": 17.666666666666668,
    "threshold": 25,
    "mean": 20.208851506155668
  },
  "img7_.tif": {
    "std": 4.3759695193235375,
    "variance": 19.149109234048673,
    "median": 11.0,
    "threshold": 14,
    "mean": 12.00170435080507
  },
  "img2_.tif": {
    "std": 8.2418157648109975,
    "variance": 67.927527101087094,
    "median": 16.0,
    "threshold": 18,
    "mean": 18.622423360950233
  },
  "img5_.tif": {
    "std": 5.7851416021719713,
    "variance": 33.467863357180882,
    "median": 16.666666666666668,
    "threshold": 31,
    "mean": 17.57626815580986
  },
  "img8_.tif": {
    "std": 5.4478922836815125,
    "variance": 29.679530334596564,
    "median": 17.666666666666668,
    "threshold": 22,
    "mean": 19.579393293044198
    },
    "img13_.tif": {
      "std": 22.432109029105948,
      "variance": 503.19951549369659,
      "median": 32.666666666666664,
      "threshold": 60,
      "mean": 44.474015694501091
    },
    "img14_.tif": {
      "std": 22.059613455670849,
      "variance": 486.62654581361443,
      "median": 27.333333333333332,
      "threshold": 55,
      "mean": 40.247487029831383
    },
    "img0_121.png": {
      "std": 4.0873095838849176,
      "variance": 16.706099634517496,
      "median": 15.333333333333334,
      "threshold": 22.446114986230768,
      "mean": 16.315150610403393
    },
    "img10_.tif": {
      "std": 5.2134039566113284,
      "variance": 27.179580814810652,
      "median": 11.333333333333334,
      "threshold": 18,
      "mean": 12.260268651479835
    },
    "img12_.tif": {
      "std": 4.6751950299185605,
      "variance": 21.857448567775212,
      "median": 15.0,
      "threshold": 38,
      "mean": 15.351046828988007
    },
    "img11_.tif": {
      "std": 2.3332204410836082,
      "variance": 5.4439176266903866,
      "median": 15.0,
      "threshold": 20,
      "mean": 14.753031101739589
    },
    "img9_.tif": {
      "std": 4.2620428433,
      "variance": 18.1650091981,
      "median": 11.3333333333,
      "threshold": 19,
      "mean": 11.875022363
    }
  }
